{"cameraMode":{"drawMode":0,"name":"Shaded","section":"Shading Mode"},"sceneLighting":true,"audioPlay":false,"sceneViewState":{"showFog":false,"showMaterialUpdate":false,"showSkybox":false,"showFlares":false,"showImageEffects":false,"showParticleSystems":false},"in2DMode":false,"pivot":{"x":-43.665061950683597,"y":-5.182892322540283,"z":-0.638587236404419},"rotation":{"x":-0.06786634773015976,"y":0.8466915488243103,"z":-0.11139146983623505,"w":-0.5158533453941345},"size":20.00273323059082,"orthographic":false}