{"cameraMode":{"drawMode":0,"name":"Shaded","section":"Shading Mode"},"sceneLighting":true,"audioPlay":false,"sceneViewState":{"showFog":false,"showMaterialUpdate":false,"showSkybox":false,"showFlares":false,"showImageEffects":false,"showParticleSystems":false},"in2DMode":false,"pivot":{"x":-19.756832122802736,"y":7.700927734375,"z":7.761571407318115},"rotation":{"x":0.13319282233715058,"y":0.55636066198349,"z":0.09101400524377823,"w":-0.8153367042541504},"size":11.4541597366333,"orthographic":false}