{"cameraMode":{"drawMode":0,"name":"Shaded","section":"Shading Mode"},"sceneLighting":false,"audioPlay":false,"sceneViewState":{"showFog":true,"showMaterialUpdate":true,"showSkybox":false,"showFlares":true,"showImageEffects":true,"showParticleSystems":true},"in2DMode":false,"pivot":{"x":0.045907795429229739,"y":-0.9111523628234863,"z":1.864423155784607},"rotation":{"x":-0.2496229112148285,"y":0.012197940610349179,"z":-0.003144601359963417,"w":-0.9682683944702148},"size":1.3060660362243653,"orthographic":false}