{"cameraMode":{"drawMode":0,"name":"Shaded","section":"Shading Mode"},"sceneLighting":true,"audioPlay":false,"sceneViewState":{"showFog":true,"showMaterialUpdate":true,"showSkybox":false,"showFlares":true,"showImageEffects":true,"showParticleSystems":true},"in2DMode":false,"pivot":{"x":-1.5000001192092896,"y":0.8480814695358276,"z":-8.116722106933594},"rotation":{"x":-0.1578163355588913,"y":0.16710510849952699,"z":-0.027071166783571245,"w":-0.9728832244873047},"size":1.9324513673782349,"orthographic":false}