{"cameraMode":{"drawMode":0,"name":"Shaded","section":"Shading Mode"},"sceneLighting":false,"audioPlay":false,"sceneViewState":{"showFog":true,"showMaterialUpdate":false,"showSkybox":true,"showFlares":true,"showImageEffects":true,"showParticleSystems":true},"in2DMode":false,"pivot":{"x":-5.312897682189941,"y":-1.8983776569366456,"z":-4.609668254852295},"rotation":{"x":-0.08893904089927674,"y":0.8898484706878662,"z":-0.19694370031356812,"w":-0.4018736481666565},"size":10.782808303833008,"orthographic":false}