{"cameraMode":{"drawMode":0,"name":"Shaded","section":"Shading Mode"},"sceneLighting":false,"audioPlay":false,"sceneViewState":{"showFog":true,"showMaterialUpdate":false,"showSkybox":true,"showFlares":true,"showImageEffects":true,"showParticleSystems":true},"in2DMode":false,"pivot":{"x":12.546201705932618,"y":3.4453940391540529,"z":13.854705810546875},"rotation":{"x":0.12371542304754257,"y":-0.08562246710062027,"z":0.010715574957430363,"w":0.9885591268539429},"size":15.638011932373047,"orthographic":false}