{"cameraMode":{"drawMode":0,"name":"Shaded","section":"Shading Mode"},"sceneLighting":false,"audioPlay":false,"sceneViewState":{"showFog":true,"showMaterialUpdate":false,"showSkybox":true,"showFlares":true,"showImageEffects":true,"showParticleSystems":true},"in2DMode":false,"pivot":{"x":1.7431418895721436,"y":-0.45522552728652956,"z":0.0795651525259018},"rotation":{"x":0.12313016504049301,"y":0.6895882487297058,"z":-0.12071617692708969,"w":0.703376054763794},"size":7.2434210777282719,"orthographic":false}