{"cameraMode":{"drawMode":0,"name":"Shaded","section":"Shading Mode"},"sceneLighting":false,"audioPlay":false,"sceneViewState":{"showFog":true,"showMaterialUpdate":false,"showSkybox":true,"showFlares":true,"showImageEffects":true,"showParticleSystems":true},"in2DMode":false,"pivot":{"x":-0.157845139503479,"y":0.18482297658920289,"z":-0.057203054428100589},"rotation":{"x":0.23704198002815247,"y":0.590989351272583,"z":-0.18729205429553986,"w":0.7479793429374695},"size":1.5660884380340577,"orthographic":false}