{"cameraMode":{"drawMode":0,"name":"Shaded","section":"Shading Mode"},"sceneLighting":false,"audioPlay":false,"sceneViewState":{"showFog":true,"showMaterialUpdate":false,"showSkybox":true,"showFlares":true,"showImageEffects":true,"showParticleSystems":true},"in2DMode":false,"pivot":{"x":-2.717771530151367,"y":-5.128751754760742,"z":67.24261474609375},"rotation":{"x":-0.17810453474521638,"y":0.5317907929420471,"z":-0.11549607664346695,"w":-0.8198645114898682},"size":30.366193771362306,"orthographic":false}