{"cameraMode":{"drawMode":0,"name":"Shaded","section":"Shading Mode"},"sceneLighting":false,"audioPlay":false,"sceneViewState":{"showFog":true,"showMaterialUpdate":false,"showSkybox":true,"showFlares":true,"showImageEffects":true,"showParticleSystems":true},"in2DMode":false,"pivot":{"x":0.1006171703338623,"y":0.3334541320800781,"z":-0.05473201349377632},"rotation":{"x":0.09850426018238068,"y":0.6954601407051086,"z":-0.09715420007705689,"w":0.7051216959953308},"size":3.7058022022247316,"orthographic":false}