{"cameraMode":{"drawMode":0,"name":"Shaded","section":"Shading Mode"},"sceneLighting":true,"audioPlay":false,"sceneViewState":{"showFog":true,"showMaterialUpdate":false,"showSkybox":true,"showFlares":true,"showImageEffects":true,"showParticleSystems":true},"in2DMode":false,"pivot":{"x":1.6632611751556397,"y":-0.03970527648925781,"z":16.975189208984376},"rotation":{"x":0.11166443675756455,"y":0.004471580497920513,"z":-0.0005025429418310523,"w":0.9937381744384766},"size":68.83360290527344,"orthographic":false}