{"cameraMode":{"drawMode":0,"name":"Shaded","section":"Shading Mode"},"sceneLighting":false,"audioPlay":false,"sceneViewState":{"showFog":true,"showMaterialUpdate":false,"showSkybox":true,"showFlares":true,"showImageEffects":true,"showParticleSystems":true},"in2DMode":false,"pivot":{"x":2.508054256439209,"y":1.3853175640106202,"z":2.053814172744751},"rotation":{"x":-0.14036805927753449,"y":0.6978040337562561,"z":-0.14240267872810365,"w":-0.6878281831741333},"size":5.218608379364014,"orthographic":false}